{
  "total_return": -0.3686639960773508,
  "max_drawdown": -0.43869492254445686,
  "sharpe_ratio": -1.0196621431557589,
  "win_rate": 0.45348837209302323,
  "trade_count": 172,
  "benchmark_return": 0.4816990012356057
}
