{
  "total_return": 0.06077996742957348,
  "max_drawdown": -0.16937753242824172,
  "sharpe_ratio": 0.12620824191346855,
  "win_rate": 0.5040650406504065,
  "trade_count": 246,
  "benchmark_return": 1.1106937499087626
}